id,url,ratio,caption,userId,credit,photographer,likes,commentsCount
1,/photos/2cYueJxEDz8.jpg,150,caption tbd,rollercoasterer,https://unsplash.com/photos/2cYueJxEDz8,Oliver Hale,6796,0
2,/photos/z8WEpHKykOM.jpg,150,caption tbd,sammats,https://unsplash.com/photos/z8WEpHKykOM,Mehmet Kürşat Değer,4347,0
3,/photos/kc6ZobEFvsc.jpg,60,caption tbd,johnholdun,https://unsplash.com/photos/kc6ZobEFvsc,Nikola Johnny Mirkovic,5381,0
4,/photos/VYfeG1MrzSE.jpg,67,caption tbd,doggiedave,https://unsplash.com/photos/VYfeG1MrzSE,Lars Millberg,2348,0
5,/photos/ZUlalD3-AcI.jpg,150,caption tbd,sammats,https://unsplash.com/photos/ZUlalD3-AcI,Adam Marcucci,8906,0
6,/photos/-AFVBe7VGqQ.jpg,150,caption tbd,beach.lover,https://unsplash.com/photos/-AFVBe7VGqQ,Seth Doyle,9184,0
7,/photos/clUhLU4bA7Y.jpg,150,caption tbd,doggiedave,https://unsplash.com/photos/clUhLU4bA7Y,Lars Millberg,8871,0
8,/photos/SYx3UCHZJlo.jpg,150,caption tbd,beach.lover,https://unsplash.com/photos/SYx3UCHZJlo,Ethan Robertson,3502,0
9,/photos/HGPKUYFO-2k.jpg,149,caption tbd,doggiedave,https://unsplash.com/photos/HGPKUYFO-2k,Ewa Gillen,7621,0
10,/photos/GUhO9PVO7QM.jpg,150,caption tbd,doggiedave,https://unsplash.com/photos/GUhO9PVO7QM,Nikolay Tchaouchev,158,0
11,/photos/anSPfX9lM2U.jpg,133,caption tbd,doggiedave,https://unsplash.com/photos/anSPfX9lM2U,Stéphane Juban,1381,0
12,/photos/r6x_5sMPFQM.jpg,150,caption tbd,doggiedave,https://unsplash.com/photos/r6x_5sMPFQM,Jonathan Cosens - JCP,6932,0
13,/photos/rMqbe4WLqXk.jpg,150,caption tbd,beach.lover,https://unsplash.com/photos/rMqbe4WLqXk,Sebastien Gabriel,7724,0
14,/photos/gJmEYe5Al9s.jpg,167,caption tbd,johnholdun,https://unsplash.com/photos/gJmEYe5Al9s,Gui Avelar,5703,0
15,/photos/VAggpKuA2zU.jpg,125,caption tbd,beach.lover,https://unsplash.com/photos/VAggpKuA2zU,Abigail Lynn,1473,0
16,/photos/n7DY58YFg9E.jpg,133,caption tbd,beach.lover,https://unsplash.com/photos/n7DY58YFg9E,Sébastien Jermer,6662,0
17,/photos/SZqX-_V2M3w.jpg,150,caption tbd,doggiedave,https://unsplash.com/photos/SZqX-_V2M3w,Danny De los Reyes,5550,0
18,/photos/sssxyuZape8.jpg,149,caption tbd,sammats,https://unsplash.com/photos/sssxyuZape8,Jairo Alzate,1059,0
19,/photos/k2e-qDBUmn0.jpg,150,caption tbd,doggiedave,https://unsplash.com/photos/k2e-qDBUmn0,Lars Millberg,5510,0
20,/photos/8Ja70K5VvoI.jpg,150,caption tbd,doggiedave,https://unsplash.com/photos/8Ja70K5VvoI,Matt Botsford,2332,0
21,/photos/WieC7XlYOTo.jpg,150,caption tbd,doggiedave,https://unsplash.com/photos/WieC7XlYOTo,Rob Fuller,199,0
22,/photos/E-2skRB88KI.jpg,133,caption tbd,johnholdun,https://unsplash.com/photos/E-2skRB88KI,Mai Truong,789,0
23,/photos/SNaMIYO_fzQ.jpg,67,caption tbd,doggiedave,https://unsplash.com/photos/SNaMIYO_fzQ,Mihail Macri,7605,0
24,/photos/Sewc0TdvV-o.00.jpg,100,a e s t h e t i c,maggie2000,https://unsplash.com/photos/Sewc0TdvV-o,Richard M.,0,0
25,/photos/Sewc0TdvV-o.01.jpg,100,a e s t h e t i c,maggie2000,https://unsplash.com/photos/Sewc0TdvV-o,Richard M.,0,0
26,/photos/Sewc0TdvV-o.02.jpg,100,a e s t h e t i c,maggie2000,https://unsplash.com/photos/Sewc0TdvV-o,Richard M.,0,0
27,/photos/Sewc0TdvV-o.03.jpg,100,a e s t h e t i c,maggie2000,https://unsplash.com/photos/Sewc0TdvV-o,Richard M.,0,0
28,/photos/Sewc0TdvV-o.04.jpg,100,a e s t h e t i c,maggie2000,https://unsplash.com/photos/Sewc0TdvV-o,Richard M.,0,0
29,/photos/Sewc0TdvV-o.05.jpg,100,a e s t h e t i c,maggie2000,https://unsplash.com/photos/Sewc0TdvV-o,Richard M.,0,0
30,/photos/Sewc0TdvV-o.06.jpg,100,a e s t h e t i c,maggie2000,https://unsplash.com/photos/Sewc0TdvV-o,Richard M.,0,0
31,/photos/Sewc0TdvV-o.07.jpg,100,a e s t h e t i c,maggie2000,https://unsplash.com/photos/Sewc0TdvV-o,Richard M.,0,0
32,/photos/Sewc0TdvV-o.08.jpg,100,a e s t h e t i c,maggie2000,https://unsplash.com/photos/Sewc0TdvV-o,Richard M.,0,0
33,/photos/Sewc0TdvV-o.09.jpg,100,a e s t h e t i c,maggie2000,https://unsplash.com/photos/Sewc0TdvV-o,Richard M.,0,0
34,/photos/Sewc0TdvV-o.10.jpg,100,a e s t h e t i c,maggie2000,https://unsplash.com/photos/Sewc0TdvV-o,Richard M.,0,0
35,/photos/Sewc0TdvV-o.11.jpg,100,a e s t h e t i c,maggie2000,https://unsplash.com/photos/Sewc0TdvV-o,Richard M.,0,0
36,/photos/6liebVeAfrY.jpg,150,caption tbd,johnholdun,https://unsplash.com/photos/6liebVeAfrY,Edwin Andrade,3510,0
37,/photos/LXaXzKOsN9k.jpg,150,caption tbd,doggiedave,https://unsplash.com/photos/LXaXzKOsN9k,Daniel Montalvo,5637,0
38,/photos/TqtEJ39Uu38.jpg,80,caption tbd,johnholdun,https://unsplash.com/photos/TqtEJ39Uu38,Hareez Hussaini,592,0
39,/photos/_Mn4i8nG1K0.jpg,150,caption tbd,sammats,https://unsplash.com/photos/_Mn4i8nG1K0,Tomasz Rynkiewicz,170,0
40,/photos/keDsGd2dyM4.jpg,137,caption tbd,doggiedave,https://unsplash.com/photos/keDsGd2dyM4,Piotr Stefański,4546,0
41,/photos/nXOB-wh4Oyc.jpg,150,caption tbd,beach.lover,https://unsplash.com/photos/nXOB-wh4Oyc,Khachik Simonian,7657,0
42,/photos/E51cY_fGXwA.jpg,150,caption tbd,doggiedave,https://unsplash.com/photos/E51cY_fGXwA,Mihail Macri,8018,0
43,/photos/LHyKMYvi_jQ.jpg,80,caption tbd,sammats,https://unsplash.com/photos/LHyKMYvi_jQ,Kirill,6580,0
44,/photos/GZc4fnQsaWQ.jpg,133,caption tbd,rollercoasterer,https://unsplash.com/photos/GZc4fnQsaWQ,Matt Bowden,4078,0
45,/photos/YdpDztAnW9w.jpg,100,caption tbd,beach.lover,https://unsplash.com/photos/YdpDztAnW9w,Ryan Wilson,9649,0
46,/photos/P6fU9OIpO4A.jpg,150,caption tbd,beach.lover,https://unsplash.com/photos/P6fU9OIpO4A,Alexandre Perotto,7238,0
47,/photos/nmg5w3EyAFM.jpg,150,caption tbd,doggiedave,https://unsplash.com/photos/nmg5w3EyAFM,Max Kleinen,6908,0
48,/photos/qnd67Wqf5lU.jpg,75,caption tbd,doggiedave,https://unsplash.com/photos/qnd67Wqf5lU,Jacob Curtis,1186,0
49,/photos/WUo0EdSv9OU.jpg,67,caption tbd,beach.lover,https://unsplash.com/photos/WUo0EdSv9OU,James Connolly,5257,0
50,/photos/M8ddmW1n5R8.jpg,150,caption tbd,doggiedave,https://unsplash.com/photos/M8ddmW1n5R8,Stephan Faessler,6554,0
51,/photos/eHtM8lZrU2A.jpg,133,caption tbd,beach.lover,https://unsplash.com/photos/eHtM8lZrU2A,Joschko Hammermann,4144,0
52,/photos/XG_wi3W4-m8.jpg,67,caption tbd,sammats,https://unsplash.com/photos/XG_wi3W4-m8,Tommaso Pecchioli,2665,0
53,/photos/Nu4u9g7Sgdw.jpg,150,caption tbd,johnholdun,https://unsplash.com/photos/Nu4u9g7Sgdw,Gabby Orcutt,7808,0
54,/photos/QoMSttUnMes.jpg,83,caption tbd,doggiedave,https://unsplash.com/photos/QoMSttUnMes,Jacob Curtis,3060,0
55,/photos/yF3S905z9dM.jpg,150,caption tbd,rollercoasterer,https://unsplash.com/photos/yF3S905z9dM,JR Korpa,1706,0
56,/photos/cEukkv42O40.jpg,133,caption tbd,beach.lover,https://unsplash.com/photos/cEukkv42O40,Aaron Burden,9767,0
57,/photos/_kkx1WekVRY.jpg,133,caption tbd,beach.lover,https://unsplash.com/photos/_kkx1WekVRY,Anton Sharov,7996,0
58,/photos/TZCppMjaOHU.jpg,150,caption tbd,johnholdun,https://unsplash.com/photos/TZCppMjaOHU,William White,1958,0
59,/photos/u9GEK0AuOU8.jpg,150,caption tbd,doggiedave,https://unsplash.com/photos/u9GEK0AuOU8,Rob Fuller,5210,0
60,/photos/SavQfLRm4Do.jpg,67,caption tbd,sammats,https://unsplash.com/photos/SavQfLRm4Do,Sharon McCutcheon,6947,0
61,/photos/83zRhEhFMfo.jpg,150,caption tbd,beach.lover,https://unsplash.com/photos/83zRhEhFMfo,Sai Kiran Anagani,9267,0
62,/photos/FOsina4f7qM.jpg,151,caption tbd,rollercoasterer,https://unsplash.com/photos/FOsina4f7qM,Priscilla Du Preez,6687,0
63,/photos/YZJXFKba_sI.jpg,150,caption tbd,rollercoasterer,https://unsplash.com/photos/YZJXFKba_sI,Annie Spratt,5875,0
64,/photos/BwMAjePW9M4.jpg,150,caption tbd,doggiedave,https://unsplash.com/photos/BwMAjePW9M4,freestocks.org,3998,0
65,/photos/XA6dMH5PTPE.jpg,135,caption tbd,rollercoasterer,https://unsplash.com/photos/XA6dMH5PTPE,Pedro Velasco,9546,0
66,/photos/sirEpWjfSmo.jpg,150,caption tbd,doggiedave,https://unsplash.com/photos/sirEpWjfSmo,Zoe Ra,130,0
67,/photos/m1WZS5ye404.jpg,150,caption tbd,johnholdun,https://unsplash.com/photos/m1WZS5ye404,Vishnu R Nair,7966,0
68,/photos/_QnPkc4C6E4.jpg,150,caption tbd,beach.lover,https://unsplash.com/photos/_QnPkc4C6E4,Anders Wideskott,9060,0
69,/photos/V3gOnCpv0jw.jpg,150,caption tbd,doggiedave,https://unsplash.com/photos/V3gOnCpv0jw,Olivia Spink,3289,0
70,/photos/ZELAe4sIPQo.jpg,150,caption tbd,rollercoasterer,https://unsplash.com/photos/ZELAe4sIPQo,Bart Dunweg,9163,0
71,/photos/TJgn1_dcE1g.jpg,150,caption tbd,doggiedave,https://unsplash.com/photos/TJgn1_dcE1g,Margo Brodowicz,4796,0
72,/photos/YEOrpS8oZX4.jpg,150,caption tbd,doggiedave,https://unsplash.com/photos/YEOrpS8oZX4,-Maddie-,9693,0
73,/photos/0lk4hww7pdo.jpg,133,caption tbd,rollercoasterer,https://unsplash.com/photos/0lk4hww7pdo,Claire Satera,5020,0
74,/photos/WWODZeBTQdE.jpg,67,caption tbd,johnholdun,https://unsplash.com/photos/WWODZeBTQdE,Fábio  Alves,5004,0